ID,자료,위치,검사,이전,현재,분류,원문근거
A01,Humax,16/1/5/3,A1,OK,SKIP,추가 수정 필요,주 요 주 주 표제의 공백 때문에 주주분포 합계100을 인식하지 못함. 독립 회사 지분율 문제가 아님.
A02,Humax,167/2/4/-,A2,SKIP,SKIP,적절한 제외,감사 투입 인원·시간 표의 기존 제외 규칙 유지. 새 후보/계산값 변화가 있어도 SKIP이며 정상검사 또는 금융금액으로 확정하지 않음.
A03,Humax,167/2/5/-,A2,SKIP,SKIP,적절한 제외,감사 투입 인원·시간 표의 기존 제외 규칙 유지. 새 후보/계산값 변화가 있어도 SKIP이며 정상검사 또는 금융금액으로 확정하지 않음.
A04,Humax,167/2/6/-,A2,SKIP,SKIP,적절한 제외,감사 투입 인원·시간 표의 기존 제외 규칙 유지. 새 후보/계산값 변화가 있어도 SKIP이며 정상검사 또는 금융금액으로 확정하지 않음.
A05,Humax,167/2/7/12,A1,없음,SKIP,적절한 제외,감사 투입 인원·시간 표의 기존 제외 규칙 유지. 새 후보/계산값 변화가 있어도 SKIP이며 정상검사 또는 금융금액으로 확정하지 않음.
A06,Humax,167/2/7/3,A1,없음,SKIP,적절한 제외,감사 투입 인원·시간 표의 기존 제외 규칙 유지. 새 후보/계산값 변화가 있어도 SKIP이며 정상검사 또는 금융금액으로 확정하지 않음.
A07,Humax,167/2/7/4,A1,없음,SKIP,적절한 제외,감사 투입 인원·시간 표의 기존 제외 규칙 유지. 새 후보/계산값 변화가 있어도 SKIP이며 정상검사 또는 금융금액으로 확정하지 않음.
A08,Humax,167/2/7/5,A1,없음,SKIP,적절한 제외,감사 투입 인원·시간 표의 기존 제외 규칙 유지. 새 후보/계산값 변화가 있어도 SKIP이며 정상검사 또는 금융금액으로 확정하지 않음.
A09,Humax,167/2/7/6,A1,없음,SKIP,적절한 제외,감사 투입 인원·시간 표의 기존 제외 규칙 유지. 새 후보/계산값 변화가 있어도 SKIP이며 정상검사 또는 금융금액으로 확정하지 않음.
A10,Humax,167/2/7/-,A2,SKIP,SKIP,적절한 제외,감사 투입 인원·시간 표의 기존 제외 규칙 유지. 새 후보/계산값 변화가 있어도 SKIP이며 정상검사 또는 금융금액으로 확정하지 않음.
A11,LGES,59/1/42/5,A1,없음,OK,타당한 검사 확대,특수관계자 이자비용의 작은 표시금액34/20백만원 합계. 금액 열을 주석번호로 오인하던 누락 보완.
A12,LGES,60/1/39/5,A1,없음,OK,타당한 검사 확대,특수관계자 이자비용의 작은 표시금액34/20백만원 합계. 금액 열을 주석번호로 오인하던 누락 보완.
A13,Chosun,51/2/5/3,A1,OK,OK,기존 검사 유지,"조선내화 구성비99.9+0.1=100; 판정 유지, ratio 역할 메타데이터만 추가."
A14,Chosun,51/2/5/5,A1,OK,OK,기존 검사 유지,"조선내화 구성비99.9+0.1=100; 판정 유지, ratio 역할 메타데이터만 추가."
A15,Chosun,75/2/4/-,A2,SKIP,SKIP,적절한 제외,감사 투입 인원·시간 표의 기존 제외 규칙 유지. 새 후보/계산값 변화가 있어도 SKIP이며 정상검사 또는 금융금액으로 확정하지 않음.
A16,Chosun,75/2/5/-,A2,SKIP,SKIP,적절한 제외,감사 투입 인원·시간 표의 기존 제외 규칙 유지. 새 후보/계산값 변화가 있어도 SKIP이며 정상검사 또는 금융금액으로 확정하지 않음.
A17,Chosun,75/2/6/-,A2,SKIP,SKIP,적절한 제외,감사 투입 인원·시간 표의 기존 제외 규칙 유지. 새 후보/계산값 변화가 있어도 SKIP이며 정상검사 또는 금융금액으로 확정하지 않음.
A18,Chosun,75/2/7/3,A1,없음,SKIP,적절한 제외,감사 투입 인원·시간 표의 기존 제외 규칙 유지. 새 후보/계산값 변화가 있어도 SKIP이며 정상검사 또는 금융금액으로 확정하지 않음.
A19,Chosun,75/2/7/4,A1,없음,SKIP,적절한 제외,감사 투입 인원·시간 표의 기존 제외 규칙 유지. 새 후보/계산값 변화가 있어도 SKIP이며 정상검사 또는 금융금액으로 확정하지 않음.
A20,Chosun,75/2/7/5,A1,없음,SKIP,적절한 제외,감사 투입 인원·시간 표의 기존 제외 규칙 유지. 새 후보/계산값 변화가 있어도 SKIP이며 정상검사 또는 금융금액으로 확정하지 않음.
A21,Chosun,75/2/7/6,A1,없음,SKIP,적절한 제외,감사 투입 인원·시간 표의 기존 제외 규칙 유지. 새 후보/계산값 변화가 있어도 SKIP이며 정상검사 또는 금융금액으로 확정하지 않음.
A22,Chosun,75/2/7/-,A2,SKIP,SKIP,적절한 제외,감사 투입 인원·시간 표의 기존 제외 규칙 유지. 새 후보/계산값 변화가 있어도 SKIP이며 정상검사 또는 금융금액으로 확정하지 않음.
