ID,자료,분류,사유코드,본표위치,항목,표시금액,원환산배수,주석후보위치,원문근거,회계검토
C-S01,Samsung,추가 수정 필요,FLOW_TOTAL,12/1/5/3,판매비와관리비,48445100.0,1000000,70/1/16/2,매출·원가·판매관리비·금융/기타손익의 동기간 세부내역 또는 합계. 표제·행 계층으로 본표 항목과 대응하며 역할/라벨 해석 누락.,추가 승인 불필요
C-S02,Samsung,추가 수정 필요,FLOW_TOTAL,12/1/5/5,판매비와관리비,44629735.0,1000000,70/1/16/3,매출·원가·판매관리비·금융/기타손익의 동기간 세부내역 또는 합계. 표제·행 계층으로 본표 항목과 대응하며 역할/라벨 해석 누락.,추가 승인 불필요
C-S03,Samsung,추가 수정 필요,FLOW_TOTAL,12/1/7/3,기 타 수 익,9815254.0,1000000,71/1/7/2,매출·원가·판매관리비·금융/기타손익의 동기간 세부내역 또는 합계. 표제·행 계층으로 본표 항목과 대응하며 역할/라벨 해석 누락.,추가 승인 불필요
C-S04,Samsung,추가 수정 필요,FLOW_TOTAL,12/1/7/5,기 타 수 익,10351185.0,1000000,71/1/7/3,매출·원가·판매관리비·금융/기타손익의 동기간 세부내역 또는 합계. 표제·행 계층으로 본표 항목과 대응하며 역할/라벨 해석 누락.,추가 승인 불필요
C-S05,Samsung,추가 수정 필요,FLOW_TOTAL,12/1/8/3,기 타 비 용,247096.0,1000000,71/1/12/2,매출·원가·판매관리비·금융/기타손익의 동기간 세부내역 또는 합계. 표제·행 계층으로 본표 항목과 대응하며 역할/라벨 해석 누락.,추가 승인 불필요
C-S06,Samsung,추가 수정 필요,FLOW_TOTAL,12/1/8/5,기 타 비 용,540542.0,1000000,71/1/12/3,매출·원가·판매관리비·금융/기타손익의 동기간 세부내역 또는 합계. 표제·행 계층으로 본표 항목과 대응하며 역할/라벨 해석 누락.,추가 승인 불필요
C-S07,Samsung,추가 수정 필요,FLOW_TOTAL,12/1/9/3,금 융 수 익,7445403.0,1000000,72/1/7/2,매출·원가·판매관리비·금융/기타손익의 동기간 세부내역 또는 합계. 표제·행 계층으로 본표 항목과 대응하며 역할/라벨 해석 누락.,추가 승인 불필요
C-S08,Samsung,추가 수정 필요,FLOW_TOTAL,12/1/9/5,금 융 수 익,7717689.0,1000000,72/1/7/3,매출·원가·판매관리비·금융/기타손익의 동기간 세부내역 또는 합계. 표제·행 계층으로 본표 항목과 대응하며 역할/라벨 해석 누락.,추가 승인 불필요
C-S09,Samsung,추가 수정 필요,FLOW_TOTAL,12/1/10/3,금 융 비 용,7181098.0,1000000,72/1/14/2,매출·원가·판매관리비·금융/기타손익의 동기간 세부내역 또는 합계. 표제·행 계층으로 본표 항목과 대응하며 역할/라벨 해석 누락.,추가 승인 불필요
C-S10,Samsung,추가 수정 필요,FLOW_TOTAL,12/1/10/5,금 융 비 용,8139788.0,1000000,72/1/14/3,매출·원가·판매관리비·금융/기타손익의 동기간 세부내역 또는 합계. 표제·행 계층으로 본표 항목과 대응하며 역할/라벨 해석 누락.,추가 승인 불필요
C-S11,Samsung,추가 수정 필요,FLOW_ALIAS,12/1/12/3,법 인 세 비 용(수 익),-250519.0,1000000,73/1/11/2; 73/2/11/2,본표와 해당 주석의 세금/계속·중단영업 계산 표제 및 행 구성으로 대응함. 단순 라벨 문자열 불일치/역할 미해석으로 누락.,추가 승인 불필요
C-S12,Samsung,추가 수정 필요,FLOW_ALIAS,12/1/12/5,법 인 세 비 용(수 익),-1832987.0,1000000,73/1/11/3; 73/2/11/3,본표와 해당 주석의 세금/계속·중단영업 계산 표제 및 행 구성으로 대응함. 단순 라벨 문자열 불일치/역할 미해석으로 누락.,추가 승인 불필요
C-S13,Samsung,적절한 제외,FLOW_STOCK,14/1/9/6,2. 자기주식의 취득,-1811775.0,1000000,67/1/4/3,자기주식 취득 거래액과 전기말 자기주식 잔액은 다른 측정값. 자동 정상연결 제외가 타당하며 검토 기록은 유지.,추가 승인 불필요
C-S14,Samsung,적절한 제외,FLOW_STOCK,14/1/9/7,2. 자기주식의 취득,-1811775.0,1000000,67/1/4/3,자기주식 취득 거래액과 전기말 자기주식 잔액은 다른 측정값. 자동 정상연결 제외가 타당하며 검토 기록은 유지.,추가 승인 불필요
C-S15,Samsung,추가 수정 필요,FLOW_TOTAL,15/1/5/3,나. 조정,33652598.0,1000000,77/1/14/2,현금흐름 조정/운전자본/영업현금 세부내역의 동기간 합계. 표제·계층 또는 연속표를 읽지 못함.,추가 승인 불필요
C-S16,Samsung,추가 수정 필요,FLOW_TOTAL,15/1/5/5,나. 조정,21493129.0,1000000,77/1/14/3,현금흐름 조정/운전자본/영업현금 세부내역의 동기간 합계. 표제·계층 또는 연속표를 읽지 못함.,추가 승인 불필요
C-S17,Samsung,추가 수정 필요,FLOW_TOTAL,15/1/6/3,다. 영업활동으로 인한 자산부채의 변동,-4707300.0,1000000,78/1/15/2,현금흐름 조정/운전자본/영업현금 세부내역의 동기간 합계. 표제·계층 또는 연속표를 읽지 못함.,추가 승인 불필요
C-S18,Samsung,추가 수정 필요,FLOW_TOTAL,15/1/6/5,다. 영업활동으로 인한 자산부채의 변동,-760086.0,1000000,78/1/15/3,현금흐름 조정/운전자본/영업현금 세부내역의 동기간 합계. 표제·계층 또는 연속표를 읽지 못함.,추가 승인 불필요
C-S19,Samsung,추가 수정 필요,FINANCING_FLOW_COLUMN,15/1/23/3,1. 단기차입금의 순증가(감소),4498284.0,1000000,79/1/3/3,원문 재무현금흐름 열의 단기차입금 순증감/상환을 잔액으로 오인. 기초·기말 열과 구분해야 함.,추가 승인 불필요
C-S20,Samsung,추가 수정 필요,FINANCING_FLOW_COLUMN,15/1/23/5,1. 단기차입금의 순증가(감소),5316919.0,1000000,79/2/3/3,원문 재무현금흐름 열의 단기차입금 순증감/상환을 잔액으로 오인. 기초·기말 열과 구분해야 함.,추가 승인 불필요
C-S21,Samsung,추가 수정 필요,FINANCING_FLOW_COLUMN,15/1/25/5,3. 사채 및 장기차입금의 상환,-217305.0,1000000,79/2/4/3,원문 재무현금흐름 열의 단기차입금 순증감/상환을 잔액으로 오인. 기초·기말 열과 구분해야 함.,추가 승인 불필요
C-H01,Humax,추가 수정 필요,SCOPE_LEAK,8/1/32/5,계약부채,347666628.0,1,121/2/2/3,"원문 전기말(주3)과 (5) 당기말/전기말 표제 명시. 앞 (4) 당기말 문장이 새 표로 누출. 주2의 다른 항목은 선수수익에 포함되므로347,667천원 구성 대응 근거 있음.",추가 승인 불필요
C-H02,Humax,추가 수정 필요,FLOW_TOTAL,10/1/5/3,기타영업외수익,11068220283.0,1,123/1/11/2,매출·원가·판매관리비·금융/기타손익의 동기간 세부내역 또는 합계. 표제·행 계층으로 본표 항목과 대응하며 역할/라벨 해석 누락.,추가 승인 불필요
C-H03,Humax,추가 수정 필요,FLOW_TOTAL,10/1/5/4,기타영업외수익,11334873751.0,1,123/1/11/3,매출·원가·판매관리비·금융/기타손익의 동기간 세부내역 또는 합계. 표제·행 계층으로 본표 항목과 대응하며 역할/라벨 해석 누락.,추가 승인 불필요
C-H04,Humax,추가 수정 필요,FLOW_TOTAL,10/1/6/3,기타영업외비용,19488939780.0,1,123/2/11/2,매출·원가·판매관리비·금융/기타손익의 동기간 세부내역 또는 합계. 표제·행 계층으로 본표 항목과 대응하며 역할/라벨 해석 누락.,추가 승인 불필요
C-H05,Humax,추가 수정 필요,FLOW_TOTAL,10/1/6/4,기타영업외비용,18064618223.0,1,123/2/11/3,매출·원가·판매관리비·금융/기타손익의 동기간 세부내역 또는 합계. 표제·행 계층으로 본표 항목과 대응하며 역할/라벨 해석 누락.,추가 승인 불필요
C-H06,Humax,추가 수정 필요,FLOW_ALIAS,10/1/10/3,IV. 법인세비용차감전순손실,-55889341432.0,1,128/1/3/2,본표와 해당 주석의 세금/계속·중단영업 계산 표제 및 행 구성으로 대응함. 단순 라벨 문자열 불일치/역할 미해석으로 누락.,추가 승인 불필요
C-H07,Humax,추가 수정 필요,FLOW_ALIAS,10/1/10/4,IV. 법인세비용차감전순손실,-46500215280.0,1,128/1/3/3,본표와 해당 주석의 세금/계속·중단영업 계산 표제 및 행 구성으로 대응함. 단순 라벨 문자열 불일치/역할 미해석으로 누락.,추가 승인 불필요
C-H08,Humax,추가 수정 필요,FLOW_ALIAS,10/1/11/3,V. 법인세비용,2921557111.0,1,127/1/10/2; 128/1/18/2,본표와 해당 주석의 세금/계속·중단영업 계산 표제 및 행 구성으로 대응함. 단순 라벨 문자열 불일치/역할 미해석으로 누락.,추가 승인 불필요
C-H09,Humax,추가 수정 필요,FLOW_ALIAS,10/1/11/4,V. 법인세비용,4051955223.0,1,127/1/10/3; 128/1/18/3,본표와 해당 주석의 세금/계속·중단영업 계산 표제 및 행 구성으로 대응함. 단순 라벨 문자열 불일치/역할 미해석으로 누락.,추가 승인 불필요
C-H10,Humax,추가 수정 필요,FLOW_ALIAS,10/1/13/3,중단영업손실,-3226338193.0,1,164/1/7/2,본표와 해당 주석의 세금/계속·중단영업 계산 표제 및 행 구성으로 대응함. 단순 라벨 문자열 불일치/역할 미해석으로 누락.,추가 승인 불필요
C-H11,Humax,추가 수정 필요,FLOW_ALIAS,10/1/13/4,중단영업손실,-29730744092.0,1,164/1/7/3,본표와 해당 주석의 세금/계속·중단영업 계산 표제 및 행 구성으로 대응함. 단순 라벨 문자열 불일치/역할 미해석으로 누락.,추가 승인 불필요
C-H12,Humax,추가 수정 필요,FLOW_TOTAL,13/1/5/3,수익비용의 조정,91103872621.0,1,160/1/17/2,현금흐름 조정/운전자본/영업현금 세부내역의 동기간 합계. 표제·계층 또는 연속표를 읽지 못함.,추가 승인 불필요
C-H13,Humax,추가 수정 필요,FLOW_TOTAL,13/1/5/5,수익비용의 조정,101109956217.0,1,160/1/17/3,현금흐름 조정/운전자본/영업현금 세부내역의 동기간 합계. 표제·계층 또는 연속표를 읽지 못함.,추가 승인 불필요
C-H14,Humax,추가 수정 필요,FLOW_TOTAL,13/1/6/3,운전자본의 변동,72290036101.0,1,161/1/13/2,현금흐름 조정/운전자본/영업현금 세부내역의 동기간 합계. 표제·계층 또는 연속표를 읽지 못함.,추가 승인 불필요
C-H15,Humax,추가 수정 필요,FLOW_TOTAL,13/1/6/5,운전자본의 변동,36454509823.0,1,161/1/13/3,현금흐름 조정/운전자본/영업현금 세부내역의 동기간 합계. 표제·계층 또는 연속표를 읽지 못함.,추가 승인 불필요
C-L01,LGES,추가 수정 필요,ENDPOINT_TOTAL,6/1/34/3,4. 비유동성충당부채,176334.0,1000000,43/3/8/5,기말 충당부채에서 유동항목 차감 후 합계가 비유동성 충당부채. 거래액 합계가 아니라 잔액 합계로 문맥을 읽어야 함.,추가 승인 불필요
C-L02,LGES,추가 수정 필요,ENDPOINT_TOTAL,6/1/34/5,4. 비유동성충당부채,147019.0,1000000,43/4/8/5,기말 충당부채에서 유동항목 차감 후 합계가 비유동성 충당부채. 거래액 합계가 아니라 잔액 합계로 문맥을 읽어야 함.,추가 승인 불필요
C-L03,LGES,추가 수정 필요,FLOW_TOTAL,7/1/3/3,I. 매출,1744834.0,1000000,53/1/3/2; 53/2/5/2,매출·원가·판매관리비·금융/기타손익의 동기간 세부내역 또는 합계. 표제·행 계층으로 본표 항목과 대응하며 역할/라벨 해석 누락.,추가 승인 불필요
C-L04,LGES,추가 수정 필요,FLOW_TOTAL,7/1/3/4,I. 매출,3921902.0,1000000,53/1/3/3; 53/2/5/3,매출·원가·판매관리비·금융/기타손익의 동기간 세부내역 또는 합계. 표제·행 계층으로 본표 항목과 대응하며 역할/라벨 해석 누락.,추가 승인 불필요
C-L05,LGES,추가 수정 필요,FLOW_TOTAL,7/1/3/5,I. 매출,1654590.0,1000000,53/1/3/4; 53/2/5/4,매출·원가·판매관리비·금융/기타손익의 동기간 세부내역 또는 합계. 표제·행 계층으로 본표 항목과 대응하며 역할/라벨 해석 누락.,추가 승인 불필요
C-L06,LGES,추가 수정 필요,FLOW_TOTAL,7/1/3/6,I. 매출,3562521.0,1000000,53/1/3/5; 53/2/5/5,매출·원가·판매관리비·금융/기타손익의 동기간 세부내역 또는 합계. 표제·행 계층으로 본표 항목과 대응하며 역할/라벨 해석 누락.,추가 승인 불필요
C-L07,LGES,추가 수정 필요,FLOW_TOTAL,7/1/4/3,II. 매출원가,1409517.0,1000000,53/1/4/2,매출·원가·판매관리비·금융/기타손익의 동기간 세부내역 또는 합계. 표제·행 계층으로 본표 항목과 대응하며 역할/라벨 해석 누락.,추가 승인 불필요
C-L08,LGES,추가 수정 필요,FLOW_TOTAL,7/1/4/4,II. 매출원가,3145431.0,1000000,53/1/4/3,매출·원가·판매관리비·금융/기타손익의 동기간 세부내역 또는 합계. 표제·행 계층으로 본표 항목과 대응하며 역할/라벨 해석 누락.,추가 승인 불필요
C-L09,LGES,추가 수정 필요,FLOW_TOTAL,7/1/4/5,II. 매출원가,1498659.0,1000000,53/1/4/4,매출·원가·판매관리비·금융/기타손익의 동기간 세부내역 또는 합계. 표제·행 계층으로 본표 항목과 대응하며 역할/라벨 해석 누락.,추가 승인 불필요
C-L10,LGES,추가 수정 필요,FLOW_TOTAL,7/1/4/6,II. 매출원가,2936096.0,1000000,53/1/4/5,매출·원가·판매관리비·금융/기타손익의 동기간 세부내역 또는 합계. 표제·행 계층으로 본표 항목과 대응하며 역할/라벨 해석 누락.,추가 승인 불필요
C-L11,LGES,추가 수정 필요,FLOW_TOTAL,7/1/6/3,IV. 판매비와 관리비,548661.0,1000000,53/1/6/2,매출·원가·판매관리비·금융/기타손익의 동기간 세부내역 또는 합계. 표제·행 계층으로 본표 항목과 대응하며 역할/라벨 해석 누락.,추가 승인 불필요
C-L12,LGES,추가 수정 필요,FLOW_TOTAL,7/1/6/4,IV. 판매비와 관리비,1303849.0,1000000,53/1/6/3,매출·원가·판매관리비·금융/기타손익의 동기간 세부내역 또는 합계. 표제·행 계층으로 본표 항목과 대응하며 역할/라벨 해석 누락.,추가 승인 불필요
C-L13,LGES,추가 수정 필요,FLOW_TOTAL,7/1/6/5,IV. 판매비와 관리비,782307.0,1000000,53/1/6/4,매출·원가·판매관리비·금융/기타손익의 동기간 세부내역 또는 합계. 표제·행 계층으로 본표 항목과 대응하며 역할/라벨 해석 누락.,추가 승인 불필요
C-L14,LGES,추가 수정 필요,FLOW_TOTAL,7/1/6/6,IV. 판매비와 관리비,1524787.0,1000000,53/1/6/5,매출·원가·판매관리비·금융/기타손익의 동기간 세부내역 또는 합계. 표제·행 계층으로 본표 항목과 대응하며 역할/라벨 해석 누락.,추가 승인 불필요
C-L15,LGES,추가 수정 필요,FLOW_TOTAL,7/1/7/3,V. 영업손실,-213344.0,1000000,53/1/23/2,매출·원가·판매관리비·금융/기타손익의 동기간 세부내역 또는 합계. 표제·행 계층으로 본표 항목과 대응하며 역할/라벨 해석 누락.,추가 승인 불필요
C-L16,LGES,추가 수정 필요,FLOW_TOTAL,7/1/7/4,V. 영업손실,-527378.0,1000000,53/1/23/3,매출·원가·판매관리비·금융/기타손익의 동기간 세부내역 또는 합계. 표제·행 계층으로 본표 항목과 대응하며 역할/라벨 해석 누락.,추가 승인 불필요
C-L17,LGES,추가 수정 필요,FLOW_TOTAL,7/1/7/5,V. 영업손실,-626376.0,1000000,53/1/23/4,매출·원가·판매관리비·금융/기타손익의 동기간 세부내역 또는 합계. 표제·행 계층으로 본표 항목과 대응하며 역할/라벨 해석 누락.,추가 승인 불필요
C-L18,LGES,추가 수정 필요,FLOW_TOTAL,7/1/7/6,V. 영업손실,-898362.0,1000000,53/1/23/5,매출·원가·판매관리비·금융/기타손익의 동기간 세부내역 또는 합계. 표제·행 계층으로 본표 항목과 대응하며 역할/라벨 해석 누락.,추가 승인 불필요
C-L19,LGES,추가 수정 필요,FLOW_TOTAL,7/1/8/3,VI. 금융수익,621249.0,1000000,55/1/8/2,매출·원가·판매관리비·금융/기타손익의 동기간 세부내역 또는 합계. 표제·행 계층으로 본표 항목과 대응하며 역할/라벨 해석 누락.,추가 승인 불필요
C-L20,LGES,추가 수정 필요,FLOW_TOTAL,7/1/8/4,VI. 금융수익,787430.0,1000000,55/1/8/3,매출·원가·판매관리비·금융/기타손익의 동기간 세부내역 또는 합계. 표제·행 계층으로 본표 항목과 대응하며 역할/라벨 해석 누락.,추가 승인 불필요
C-L21,LGES,추가 수정 필요,FLOW_TOTAL,7/1/8/5,VI. 금융수익,177236.0,1000000,55/1/8/4,매출·원가·판매관리비·금융/기타손익의 동기간 세부내역 또는 합계. 표제·행 계층으로 본표 항목과 대응하며 역할/라벨 해석 누락.,추가 승인 불필요
C-L22,LGES,추가 수정 필요,FLOW_TOTAL,7/1/8/6,VI. 금융수익,371933.0,1000000,55/1/8/5,매출·원가·판매관리비·금융/기타손익의 동기간 세부내역 또는 합계. 표제·행 계층으로 본표 항목과 대응하며 역할/라벨 해석 누락.,추가 승인 불필요
C-L23,LGES,추가 수정 필요,FLOW_TOTAL,7/1/9/3,VII. 금융비용,845048.0,1000000,55/1/13/2,매출·원가·판매관리비·금융/기타손익의 동기간 세부내역 또는 합계. 표제·행 계층으로 본표 항목과 대응하며 역할/라벨 해석 누락.,추가 승인 불필요
C-L24,LGES,추가 수정 필요,FLOW_TOTAL,7/1/9/4,VII. 금융비용,1017403.0,1000000,55/1/13/3,매출·원가·판매관리비·금융/기타손익의 동기간 세부내역 또는 합계. 표제·행 계층으로 본표 항목과 대응하며 역할/라벨 해석 누락.,추가 승인 불필요
C-L25,LGES,추가 수정 필요,FLOW_TOTAL,7/1/9/5,VII. 금융비용,188869.0,1000000,55/1/13/4,매출·원가·판매관리비·금융/기타손익의 동기간 세부내역 또는 합계. 표제·행 계층으로 본표 항목과 대응하며 역할/라벨 해석 누락.,추가 승인 불필요
C-L26,LGES,추가 수정 필요,FLOW_TOTAL,7/1/9/6,VII. 금융비용,381580.0,1000000,55/1/13/5,매출·원가·판매관리비·금융/기타손익의 동기간 세부내역 또는 합계. 표제·행 계층으로 본표 항목과 대응하며 역할/라벨 해석 누락.,추가 승인 불필요
C-L27,LGES,추가 수정 필요,FLOW_TOTAL,7/1/11/3,IX. 기타영업외비용,228758.0,1000000,56/2/10/2,매출·원가·판매관리비·금융/기타손익의 동기간 세부내역 또는 합계. 표제·행 계층으로 본표 항목과 대응하며 역할/라벨 해석 누락.,추가 승인 불필요
C-L28,LGES,추가 수정 필요,FLOW_TOTAL,7/1/11/4,IX. 기타영업외비용,289814.0,1000000,56/2/10/3,매출·원가·판매관리비·금융/기타손익의 동기간 세부내역 또는 합계. 표제·행 계층으로 본표 항목과 대응하며 역할/라벨 해석 누락.,추가 승인 불필요
C-L29,LGES,추가 수정 필요,FLOW_TOTAL,7/1/11/5,IX. 기타영업외비용,68020.0,1000000,56/2/10/4,매출·원가·판매관리비·금융/기타손익의 동기간 세부내역 또는 합계. 표제·행 계층으로 본표 항목과 대응하며 역할/라벨 해석 누락.,추가 승인 불필요
C-L30,LGES,추가 수정 필요,FLOW_TOTAL,7/1/11/6,IX. 기타영업외비용,128452.0,1000000,56/2/10/5,매출·원가·판매관리비·금융/기타손익의 동기간 세부내역 또는 합계. 표제·행 계층으로 본표 항목과 대응하며 역할/라벨 해석 누락.,추가 승인 불필요
C-L31,LGES,추가 수정 필요,OCI_PLAN_SUPPORTED,8/1/6/5,(1) 순확정급여부채의 재측정요소,1030.0,1000000,46/1/6/2,"p44 순확정급여채무−적립자산 구조, p45 당반기 채무 재측정4행 명시 -, p46 자산 재측정수익1,030, p8 세전OCI누적1,030으로 구성 연결 근거 확보. 이 기간 후보에 한정하며 기존 검토 상태 유지; 일반 자동연결 승인 아님.",추가 승인 불필요
C-L32,LGES,근거 부족,OCI_FVOCI,8/1/7/3,(2) 기타포괄손익-공정가치 금융자산 손익,-7533.0,1000000,29/1/11/2,"본표 재분류되지 않는 OCI와 주석 평가손익/처분손익의 해당 금융자산 행은 강한 후보이나, 전액이 같은 OCI 구성이라는 연결 근거가 없음. 당반기3개월/전반기3개월/전반기누적 세 기간 검토. 당반기누적 근거를 확장하지 않음.",필요
C-L33,LGES,추가 수정 필요,OCI_FVOCI_SUPPORTED,8/1/7/5,(2) 기타포괄손익-공정가치 금융자산 손익,-10154.0,1000000,29/1/11/3,"p32 당반기 평가손익 −10,154를 법인세효과 차감전 기타포괄손익 항목이라고 명시하며 처분은 별도 표시. p8/p29 당반기누적 후보 연결 근거 확보. 기존 검토 상태 유지; 다른 기간으로 확장하지 않음.",추가 승인 불필요
C-L34,LGES,근거 부족,OCI_FVOCI,8/1/7/7,(2) 기타포괄손익-공정가치 금융자산 손익,213.0,1000000,29/1/11/4,"본표 재분류되지 않는 OCI와 주석 평가손익/처분손익의 해당 금융자산 행은 강한 후보이나, 전액이 같은 OCI 구성이라는 연결 근거가 없음. 당반기3개월/전반기3개월/전반기누적 세 기간 검토. 당반기누적 근거를 확장하지 않음.",필요
C-L35,LGES,근거 부족,OCI_FVOCI,8/1/7/9,(2) 기타포괄손익-공정가치 금융자산 손익,1650.0,1000000,29/1/11/5,"본표 재분류되지 않는 OCI와 주석 평가손익/처분손익의 해당 금융자산 행은 강한 후보이나, 전액이 같은 OCI 구성이라는 연결 근거가 없음. 당반기3개월/전반기3개월/전반기누적 세 기간 검토. 당반기누적 근거를 확장하지 않음.",필요
C-L36,LGES,추가 수정 필요,FLOW_TOTAL,10/1/3/3,1. 영업으로부터 창출된 현금흐름,-442728.0,1000000,65/1/27/2,현금흐름 조정/운전자본/영업현금 세부내역의 동기간 합계. 표제·계층 또는 연속표를 읽지 못함.,추가 승인 불필요
C-L37,LGES,추가 수정 필요,FLOW_TOTAL,10/1/3/5,1. 영업으로부터 창출된 현금흐름,666860.0,1000000,65/1/27/3,현금흐름 조정/운전자본/영업현금 세부내역의 동기간 합계. 표제·계층 또는 연속표를 읽지 못함.,추가 승인 불필요
C-L38,LGES,추가 수정 필요,FINANCING_FLOW_COLUMN,10/1/27/5,(1) 차입금의 증가,1595376.0,1000000,66/2/5/3,전반기 재무현금흐름 열의 사채 증가/단기차입금 상환. 기간·열 역할을 읽지 못해 정상 후보 누락.,추가 승인 불필요
C-L39,LGES,추가 수정 필요,FINANCING_FLOW_COLUMN,10/1/29/5,(1) 차입금의 상환,-15704.0,1000000,66/2/3/3,전반기 재무현금흐름 열의 사채 증가/단기차입금 상환. 기간·열 역할을 읽지 못해 정상 후보 누락.,추가 승인 불필요
C-C01,Chosun,추가 수정 필요,CONTINUATION,8/1/13/3,무형자산,12271790.0,1000,41/1/4/6,"p40 당기 무형자산 시작표와 p41 이어지는 기말12,271,790. 원문 연속표 근거가 있으나 기간을 복원하지 못함.",추가 승인 불필요
C-C02,Chosun,추가 수정 필요,FLOW_TOTAL,10/1/5/3,판매비와관리비,44094502.0,1000,56/2/16/2,매출·원가·판매관리비·금융/기타손익의 동기간 세부내역 또는 합계. 표제·행 계층으로 본표 항목과 대응하며 역할/라벨 해석 누락.,추가 승인 불필요
C-C03,Chosun,추가 수정 필요,FLOW_TOTAL,10/1/9/3,금융수익,7366541.0,1000,57/2/9/2,매출·원가·판매관리비·금융/기타손익의 동기간 세부내역 또는 합계. 표제·행 계층으로 본표 항목과 대응하며 역할/라벨 해석 누락.,추가 승인 불필요
C-C04,Chosun,추가 수정 필요,FLOW_TOTAL,10/1/9/4,금융수익,5819568.0,1000,57/2/9/3,매출·원가·판매관리비·금융/기타손익의 동기간 세부내역 또는 합계. 표제·행 계층으로 본표 항목과 대응하며 역할/라벨 해석 누락.,추가 승인 불필요
C-C05,Chosun,추가 수정 필요,FLOW_TOTAL,10/1/10/3,금융원가,35322761.0,1000,57/2/16/2,매출·원가·판매관리비·금융/기타손익의 동기간 세부내역 또는 합계. 표제·행 계층으로 본표 항목과 대응하며 역할/라벨 해석 누락.,추가 승인 불필요
C-C06,Chosun,추가 수정 필요,FLOW_TOTAL,10/1/10/4,금융원가,12032818.0,1000,57/2/16/3,매출·원가·판매관리비·금융/기타손익의 동기간 세부내역 또는 합계. 표제·행 계층으로 본표 항목과 대응하며 역할/라벨 해석 누락.,추가 승인 불필요
C-C07,Chosun,추가 수정 필요,FLOW_TOTAL,10/1/12/3,지분법손익,7975319.0,1000,43/1/9/6,매출·원가·판매관리비·금융/기타손익의 동기간 세부내역 또는 합계. 표제·행 계층으로 본표 항목과 대응하며 역할/라벨 해석 누락.,추가 승인 불필요
C-C08,Chosun,추가 수정 필요,FLOW_TOTAL,10/1/12/4,지분법손익,-11454205.0,1000,43/2/9/6,매출·원가·판매관리비·금융/기타손익의 동기간 세부내역 또는 합계. 표제·행 계층으로 본표 항목과 대응하며 역할/라벨 해석 누락.,추가 승인 불필요
C-C09,Chosun,추가 수정 필요,FLOW_TOTAL,13/1/5/3,조정,36474976.0,1000,62/1/8/2,현금흐름 조정/운전자본/영업현금 세부내역의 동기간 합계. 표제·계층 또는 연속표를 읽지 못함.,추가 승인 불필요
C-C10,Chosun,추가 수정 필요,FLOW_TOTAL,13/1/5/4,조정,34541180.0,1000,62/1/8/3,현금흐름 조정/운전자본/영업현금 세부내역의 동기간 합계. 표제·계층 또는 연속표를 읽지 못함.,추가 승인 불필요
C-C11,Chosun,추가 수정 필요,FLOW_TOTAL,13/1/6/3,순운전자본의 변동,-15286106.0,1000,62/2/12/2,현금흐름 조정/운전자본/영업현금 세부내역의 동기간 합계. 표제·계층 또는 연속표를 읽지 못함.,추가 승인 불필요
C-C12,Chosun,추가 수정 필요,FLOW_TOTAL,13/1/6/4,순운전자본의 변동,24072981.0,1000,62/2/12/3,현금흐름 조정/운전자본/영업현금 세부내역의 동기간 합계. 표제·계층 또는 연속표를 읽지 못함.,추가 승인 불필요
