ID,자료,본표연결,본표위치,본표항목,주석위치,주석항목,분류,사유코드,원문근거
P001,Samsung,유지,10/1/12/5,1. 기타포괄손익-공정가치금융자산,38/1/2/2,기초,적절한 제외,CLOSING_OPENING,"전기말 본표와 당기초 주석은 서로 다른 기준일. 현재 동기간 연결 규칙에서 제외하며, 별도 이월검사로 자동 승계하지 않음. 원문이 틀렸다는 판정은 아님."
P002,Samsung,유지,10/1/13/5,"2. 종속기업, 관계기업 및 공동기업 투자",43/1/2/2,기초,적절한 제외,CLOSING_OPENING,"전기말 본표와 당기초 주석은 서로 다른 기준일. 현재 동기간 연결 규칙에서 제외하며, 별도 이월검사로 자동 승계하지 않음. 원문이 틀렸다는 판정은 아님."
P003,Samsung,유지,10/1/14/5,3. 유형자산,48/1/2/7,기초장부금액,적절한 제외,CLOSING_OPENING,"전기말 본표와 당기초 주석은 서로 다른 기준일. 현재 동기간 연결 규칙에서 제외하며, 별도 이월검사로 자동 승계하지 않음. 원문이 틀렸다는 판정은 아님."
P004,Samsung,유지,10/1/15/5,4. 무형자산,50/1/2/5,기초장부금액,적절한 제외,CLOSING_OPENING,"전기말 본표와 당기초 주석은 서로 다른 기준일. 현재 동기간 연결 규칙에서 제외하며, 별도 이월검사로 자동 승계하지 않음. 원문이 틀렸다는 판정은 아님."
P005,Samsung,유지,10/1/17/5,6. 이연법인세자산,74/1/22/2,이연법인세자산(부채) 계,적절한 제외,CLOSING_OPENING,"전기말 본표와 당기초 주석은 서로 다른 기준일. 현재 동기간 연결 규칙에서 제외하며, 별도 이월검사로 자동 승계하지 않음. 원문이 틀렸다는 판정은 아님."
P006,Samsung,소실,12/1/5/3,판매비와관리비,70/1/16/2,계,추가 수정 필요,FLOW_TOTAL,매출·원가·판매관리비·금융/기타손익의 동기간 세부내역 또는 합계. 표제·행 계층으로 본표 항목과 대응하며 역할/라벨 해석 누락.
P007,Samsung,소실,12/1/5/5,판매비와관리비,70/1/16/3,계,추가 수정 필요,FLOW_TOTAL,매출·원가·판매관리비·금융/기타손익의 동기간 세부내역 또는 합계. 표제·행 계층으로 본표 항목과 대응하며 역할/라벨 해석 누락.
P008,Samsung,소실,12/1/7/3,기 타 수 익,71/1/7/2,계,추가 수정 필요,FLOW_TOTAL,매출·원가·판매관리비·금융/기타손익의 동기간 세부내역 또는 합계. 표제·행 계층으로 본표 항목과 대응하며 역할/라벨 해석 누락.
P009,Samsung,소실,12/1/7/5,기 타 수 익,71/1/7/3,계,추가 수정 필요,FLOW_TOTAL,매출·원가·판매관리비·금융/기타손익의 동기간 세부내역 또는 합계. 표제·행 계층으로 본표 항목과 대응하며 역할/라벨 해석 누락.
P010,Samsung,소실,12/1/8/3,기 타 비 용,71/1/12/2,계,추가 수정 필요,FLOW_TOTAL,매출·원가·판매관리비·금융/기타손익의 동기간 세부내역 또는 합계. 표제·행 계층으로 본표 항목과 대응하며 역할/라벨 해석 누락.
P011,Samsung,소실,12/1/8/5,기 타 비 용,71/1/12/3,계,추가 수정 필요,FLOW_TOTAL,매출·원가·판매관리비·금융/기타손익의 동기간 세부내역 또는 합계. 표제·행 계층으로 본표 항목과 대응하며 역할/라벨 해석 누락.
P012,Samsung,소실,12/1/9/3,금 융 수 익,72/1/7/2,계,추가 수정 필요,FLOW_TOTAL,매출·원가·판매관리비·금융/기타손익의 동기간 세부내역 또는 합계. 표제·행 계층으로 본표 항목과 대응하며 역할/라벨 해석 누락.
P013,Samsung,소실,12/1/9/5,금 융 수 익,72/1/7/3,계,추가 수정 필요,FLOW_TOTAL,매출·원가·판매관리비·금융/기타손익의 동기간 세부내역 또는 합계. 표제·행 계층으로 본표 항목과 대응하며 역할/라벨 해석 누락.
P014,Samsung,소실,12/1/10/3,금 융 비 용,72/1/14/2,계,추가 수정 필요,FLOW_TOTAL,매출·원가·판매관리비·금융/기타손익의 동기간 세부내역 또는 합계. 표제·행 계층으로 본표 항목과 대응하며 역할/라벨 해석 누락.
P015,Samsung,소실,12/1/10/5,금 융 비 용,72/1/14/3,계,추가 수정 필요,FLOW_TOTAL,매출·원가·판매관리비·금융/기타손익의 동기간 세부내역 또는 합계. 표제·행 계층으로 본표 항목과 대응하며 역할/라벨 해석 누락.
P016,Samsung,소실,12/1/12/3,법 인 세 비 용(수 익),73/1/11/2,법인세비용 계,추가 수정 필요,FLOW_ALIAS,본표와 해당 주석의 세금/계속·중단영업 계산 표제 및 행 구성으로 대응함. 단순 라벨 문자열 불일치/역할 미해석으로 누락.
P017,Samsung,소실,12/1/12/3,법 인 세 비 용(수 익),73/2/11/2,법인세비용 계,추가 수정 필요,FLOW_ALIAS,본표와 해당 주석의 세금/계속·중단영업 계산 표제 및 행 구성으로 대응함. 단순 라벨 문자열 불일치/역할 미해석으로 누락.
P018,Samsung,소실,12/1/12/5,법 인 세 비 용(수 익),73/1/11/3,법인세비용 계,추가 수정 필요,FLOW_ALIAS,본표와 해당 주석의 세금/계속·중단영업 계산 표제 및 행 구성으로 대응함. 단순 라벨 문자열 불일치/역할 미해석으로 누락.
P019,Samsung,소실,12/1/12/5,법 인 세 비 용(수 익),73/2/11/3,법인세비용 계,추가 수정 필요,FLOW_ALIAS,본표와 해당 주석의 세금/계속·중단영업 계산 표제 및 행 구성으로 대응함. 단순 라벨 문자열 불일치/역할 미해석으로 누락.
P020,Samsung,소실,14/1/9/6,2. 자기주식의 취득,67/1/4/3,자기주식,적절한 제외,FLOW_STOCK,자기주식 취득 거래액과 전기말 자기주식 잔액은 다른 측정값. 자동 정상연결 제외가 타당하며 검토 기록은 유지.
P021,Samsung,소실,14/1/9/7,2. 자기주식의 취득,67/1/4/3,자기주식,적절한 제외,FLOW_STOCK,자기주식 취득 거래액과 전기말 자기주식 잔액은 다른 측정값. 자동 정상연결 제외가 타당하며 검토 기록은 유지.
P022,Samsung,소실,15/1/5/3,나. 조정,77/1/14/2,계,추가 수정 필요,FLOW_TOTAL,현금흐름 조정/운전자본/영업현금 세부내역의 동기간 합계. 표제·계층 또는 연속표를 읽지 못함.
P023,Samsung,소실,15/1/5/5,나. 조정,77/1/14/3,계,추가 수정 필요,FLOW_TOTAL,현금흐름 조정/운전자본/영업현금 세부내역의 동기간 합계. 표제·계층 또는 연속표를 읽지 못함.
P024,Samsung,소실,15/1/6/3,다. 영업활동으로 인한 자산부채의 변동,78/1/15/2,계,추가 수정 필요,FLOW_TOTAL,현금흐름 조정/운전자본/영업현금 세부내역의 동기간 합계. 표제·계층 또는 연속표를 읽지 못함.
P025,Samsung,소실,15/1/6/5,다. 영업활동으로 인한 자산부채의 변동,78/1/15/3,계,추가 수정 필요,FLOW_TOTAL,현금흐름 조정/운전자본/영업현금 세부내역의 동기간 합계. 표제·계층 또는 연속표를 읽지 못함.
P026,Samsung,소실,15/1/23/3,1. 단기차입금의 순증가(감소),79/1/3/3,단기차입금,추가 수정 필요,FINANCING_FLOW_COLUMN,원문 재무현금흐름 열의 단기차입금 순증감/상환을 잔액으로 오인. 기초·기말 열과 구분해야 함.
P027,Samsung,소실,15/1/23/5,1. 단기차입금의 순증가(감소),79/2/3/3,단기차입금,추가 수정 필요,FINANCING_FLOW_COLUMN,원문 재무현금흐름 열의 단기차입금 순증감/상환을 잔액으로 오인. 기초·기말 열과 구분해야 함.
P028,Samsung,소실,15/1/25/5,3. 사채 및 장기차입금의 상환,79/2/4/3,사채 및 장기차입금,추가 수정 필요,FINANCING_FLOW_COLUMN,원문 재무현금흐름 열의 단기차입금 순증감/상환을 잔액으로 오인. 기초·기말 열과 구분해야 함.
P029,Humax,유지,8/1/10/3,상각후원가측정금융자산,145/1/5/3,상각후원가측정금융자산,추가 수정 필요,RETAINED_COVERAGE,같은 항목/기간을 설명하는 원문 표제·열 또는 연속표가 존재함. 주석 후보 일부의 기간/잔액·거래액/합계 역할을 읽지 못함. 다른 후보가 남아 본표 연결수에는 변화 없음.
P030,Humax,유지,8/1/10/3,상각후원가측정금융자산,145/1/5/4,상각후원가측정금융자산,추가 수정 필요,RETAINED_COVERAGE,같은 항목/기간을 설명하는 원문 표제·열 또는 연속표가 존재함. 주석 후보 일부의 기간/잔액·거래액/합계 역할을 읽지 못함. 다른 후보가 남아 본표 연결수에는 변화 없음.
P031,Humax,유지,8/1/10/5,상각후원가측정금융자산,145/2/5/3,상각후원가측정금융자산,추가 수정 필요,RETAINED_COVERAGE,같은 항목/기간을 설명하는 원문 표제·열 또는 연속표가 존재함. 주석 후보 일부의 기간/잔액·거래액/합계 역할을 읽지 못함. 다른 후보가 남아 본표 연결수에는 변화 없음.
P032,Humax,유지,8/1/10/5,상각후원가측정금융자산,145/2/5/4,상각후원가측정금융자산,추가 수정 필요,RETAINED_COVERAGE,같은 항목/기간을 설명하는 원문 표제·열 또는 연속표가 존재함. 주석 후보 일부의 기간/잔액·거래액/합계 역할을 읽지 못함. 다른 후보가 남아 본표 연결수에는 변화 없음.
P033,Humax,유지,8/1/19/5,관계기업및공동기업투자,83/1/15/2,합 계,적절한 제외,CLOSING_OPENING,"전기말 본표와 당기초 주석은 서로 다른 기준일. 현재 동기간 연결 규칙에서 제외하며, 별도 이월검사로 자동 승계하지 않음. 원문이 틀렸다는 판정은 아님."
P034,Humax,유지,8/1/20/3,유형자산,87/2/12/9,합 계,추가 수정 필요,RETAINED_COVERAGE,같은 항목/기간을 설명하는 원문 표제·열 또는 연속표가 존재함. 주석 후보 일부의 기간/잔액·거래액/합계 역할을 읽지 못함. 다른 후보가 남아 본표 연결수에는 변화 없음.
P035,Humax,유지,8/1/20/5,유형자산,87/2/12/2,합 계,적절한 제외,CROSS_PERIOD,현재/이전 기간이 다름. 같은 금액이어도 동기간 자동연결 후보에서 제외.
P036,Humax,유지,8/1/21/5,투자부동산,90/1/4/2,합 계,적절한 제외,CLOSING_OPENING,"전기말 본표와 당기초 주석은 서로 다른 기준일. 현재 동기간 연결 규칙에서 제외하며, 별도 이월검사로 자동 승계하지 않음. 원문이 틀렸다는 판정은 아님."
P037,Humax,유지,8/1/22/5,사용권자산,91/2/5/2,합계,적절한 제외,CROSS_PERIOD,현재/이전 기간이 다름. 같은 금액이어도 동기간 자동연결 후보에서 제외.
P038,Humax,유지,8/1/23/3,무형자산,93/2/6/8,합 계,추가 수정 필요,RETAINED_COVERAGE,같은 항목/기간을 설명하는 원문 표제·열 또는 연속표가 존재함. 주석 후보 일부의 기간/잔액·거래액/합계 역할을 읽지 못함. 다른 후보가 남아 본표 연결수에는 변화 없음.
P039,Humax,유지,8/1/23/5,무형자산,93/2/6/2,합 계,적절한 제외,CROSS_PERIOD,현재/이전 기간이 다름. 같은 금액이어도 동기간 자동연결 후보에서 제외.
P040,Humax,소실,8/1/32/5,계약부채,121/2/2/3,컨설팅/SI서비스 관련 계약부채(주1),추가 수정 필요,SCOPE_LEAK,"원문 전기말(주3)과 (5) 당기말/전기말 표제 명시. 앞 (4) 당기말 문장이 새 표로 누출. 주2의 다른 항목은 선수수익에 포함되므로347,667천원 구성 대응 근거 있음."
P041,Humax,유지,8/1/35/5,유동성장기차입금,96/2/6/7,합 계,추가 수정 필요,RETAINED_COVERAGE,같은 항목/기간을 설명하는 원문 표제·열 또는 연속표가 존재함. 주석 후보 일부의 기간/잔액·거래액/합계 역할을 읽지 못함. 다른 후보가 남아 본표 연결수에는 변화 없음.
P042,Humax,유지,10/1/2/3,I. 영업수익,69/1/7/2,합 계,추가 수정 필요,RETAINED_COVERAGE,같은 항목/기간을 설명하는 원문 표제·열 또는 연속표가 존재함. 주석 후보 일부의 기간/잔액·거래액/합계 역할을 읽지 못함. 다른 후보가 남아 본표 연결수에는 변화 없음.
P043,Humax,유지,10/1/2/3,I. 영업수익,120/1/15/2,합 계,추가 수정 필요,RETAINED_COVERAGE,같은 항목/기간을 설명하는 원문 표제·열 또는 연속표가 존재함. 주석 후보 일부의 기간/잔액·거래액/합계 역할을 읽지 못함. 다른 후보가 남아 본표 연결수에는 변화 없음.
P044,Humax,유지,10/1/2/4,I. 영업수익,69/1/7/3,합 계,추가 수정 필요,RETAINED_COVERAGE,같은 항목/기간을 설명하는 원문 표제·열 또는 연속표가 존재함. 주석 후보 일부의 기간/잔액·거래액/합계 역할을 읽지 못함. 다른 후보가 남아 본표 연결수에는 변화 없음.
P045,Humax,유지,10/1/2/4,I. 영업수익,120/1/15/3,합 계,추가 수정 필요,RETAINED_COVERAGE,같은 항목/기간을 설명하는 원문 표제·열 또는 연속표가 존재함. 주석 후보 일부의 기간/잔액·거래액/합계 역할을 읽지 못함. 다른 후보가 남아 본표 연결수에는 변화 없음.
P046,Humax,유지,10/1/3/3,II. 영업비용,122/1/13/2,합 계,추가 수정 필요,RETAINED_COVERAGE,같은 항목/기간을 설명하는 원문 표제·열 또는 연속표가 존재함. 주석 후보 일부의 기간/잔액·거래액/합계 역할을 읽지 못함. 다른 후보가 남아 본표 연결수에는 변화 없음.
P047,Humax,유지,10/1/3/4,II. 영업비용,122/1/13/3,합 계,추가 수정 필요,RETAINED_COVERAGE,같은 항목/기간을 설명하는 원문 표제·열 또는 연속표가 존재함. 주석 후보 일부의 기간/잔액·거래액/합계 역할을 읽지 못함. 다른 후보가 남아 본표 연결수에는 변화 없음.
P048,Humax,소실,10/1/5/3,기타영업외수익,123/1/11/2,합 계,추가 수정 필요,FLOW_TOTAL,매출·원가·판매관리비·금융/기타손익의 동기간 세부내역 또는 합계. 표제·행 계층으로 본표 항목과 대응하며 역할/라벨 해석 누락.
P049,Humax,소실,10/1/5/4,기타영업외수익,123/1/11/3,합 계,추가 수정 필요,FLOW_TOTAL,매출·원가·판매관리비·금융/기타손익의 동기간 세부내역 또는 합계. 표제·행 계층으로 본표 항목과 대응하며 역할/라벨 해석 누락.
P050,Humax,소실,10/1/6/3,기타영업외비용,123/2/11/2,합 계,추가 수정 필요,FLOW_TOTAL,매출·원가·판매관리비·금융/기타손익의 동기간 세부내역 또는 합계. 표제·행 계층으로 본표 항목과 대응하며 역할/라벨 해석 누락.
P051,Humax,소실,10/1/6/4,기타영업외비용,123/2/11/3,합 계,추가 수정 필요,FLOW_TOTAL,매출·원가·판매관리비·금융/기타손익의 동기간 세부내역 또는 합계. 표제·행 계층으로 본표 항목과 대응하며 역할/라벨 해석 누락.
P052,Humax,유지,10/1/7/3,금융수익,124/2/12/2,합 계,추가 수정 필요,RETAINED_COVERAGE,같은 항목/기간을 설명하는 원문 표제·열 또는 연속표가 존재함. 주석 후보 일부의 기간/잔액·거래액/합계 역할을 읽지 못함. 다른 후보가 남아 본표 연결수에는 변화 없음.
P053,Humax,유지,10/1/7/4,금융수익,124/2/12/3,합 계,추가 수정 필요,RETAINED_COVERAGE,같은 항목/기간을 설명하는 원문 표제·열 또는 연속표가 존재함. 주석 후보 일부의 기간/잔액·거래액/합계 역할을 읽지 못함. 다른 후보가 남아 본표 연결수에는 변화 없음.
P054,Humax,유지,10/1/8/3,금융비용,125/2/12/2,합 계,추가 수정 필요,RETAINED_COVERAGE,같은 항목/기간을 설명하는 원문 표제·열 또는 연속표가 존재함. 주석 후보 일부의 기간/잔액·거래액/합계 역할을 읽지 못함. 다른 후보가 남아 본표 연결수에는 변화 없음.
P055,Humax,유지,10/1/8/4,금융비용,125/2/12/3,합 계,추가 수정 필요,RETAINED_COVERAGE,같은 항목/기간을 설명하는 원문 표제·열 또는 연속표가 존재함. 주석 후보 일부의 기간/잔액·거래액/합계 역할을 읽지 못함. 다른 후보가 남아 본표 연결수에는 변화 없음.
P056,Humax,소실,10/1/10/3,IV. 법인세비용차감전순손실,128/1/3/2,계속영업 법인세차감전순손실,추가 수정 필요,FLOW_ALIAS,본표와 해당 주석의 세금/계속·중단영업 계산 표제 및 행 구성으로 대응함. 단순 라벨 문자열 불일치/역할 미해석으로 누락.
P057,Humax,소실,10/1/10/4,IV. 법인세비용차감전순손실,128/1/3/3,계속영업 법인세차감전순손실,추가 수정 필요,FLOW_ALIAS,본표와 해당 주석의 세금/계속·중단영업 계산 표제 및 행 구성으로 대응함. 단순 라벨 문자열 불일치/역할 미해석으로 누락.
P058,Humax,소실,10/1/11/3,V. 법인세비용,127/1/10/2,계속영업과 관련된 법인세비용,추가 수정 필요,FLOW_ALIAS,본표와 해당 주석의 세금/계속·중단영업 계산 표제 및 행 구성으로 대응함. 단순 라벨 문자열 불일치/역할 미해석으로 누락.
P059,Humax,소실,10/1/11/3,V. 법인세비용,128/1/18/2,계속영업 법인세비용,추가 수정 필요,FLOW_ALIAS,본표와 해당 주석의 세금/계속·중단영업 계산 표제 및 행 구성으로 대응함. 단순 라벨 문자열 불일치/역할 미해석으로 누락.
P060,Humax,소실,10/1/11/4,V. 법인세비용,127/1/10/3,계속영업과 관련된 법인세비용,추가 수정 필요,FLOW_ALIAS,본표와 해당 주석의 세금/계속·중단영업 계산 표제 및 행 구성으로 대응함. 단순 라벨 문자열 불일치/역할 미해석으로 누락.
P061,Humax,소실,10/1/11/4,V. 법인세비용,128/1/18/3,계속영업 법인세비용,추가 수정 필요,FLOW_ALIAS,본표와 해당 주석의 세금/계속·중단영업 계산 표제 및 행 구성으로 대응함. 단순 라벨 문자열 불일치/역할 미해석으로 누락.
P062,Humax,소실,10/1/13/3,중단영업손실,164/1/7/2,중단영업으로부터의 손실,추가 수정 필요,FLOW_ALIAS,본표와 해당 주석의 세금/계속·중단영업 계산 표제 및 행 구성으로 대응함. 단순 라벨 문자열 불일치/역할 미해석으로 누락.
P063,Humax,소실,10/1/13/4,중단영업손실,164/1/7/3,중단영업으로부터의 손실,추가 수정 필요,FLOW_ALIAS,본표와 해당 주석의 세금/계속·중단영업 계산 표제 및 행 구성으로 대응함. 단순 라벨 문자열 불일치/역할 미해석으로 누락.
P064,Humax,소실,13/1/5/3,수익비용의 조정,160/1/17/2,합 계,추가 수정 필요,FLOW_TOTAL,현금흐름 조정/운전자본/영업현금 세부내역의 동기간 합계. 표제·계층 또는 연속표를 읽지 못함.
P065,Humax,소실,13/1/5/5,수익비용의 조정,160/1/17/3,합 계,추가 수정 필요,FLOW_TOTAL,현금흐름 조정/운전자본/영업현금 세부내역의 동기간 합계. 표제·계층 또는 연속표를 읽지 못함.
P066,Humax,소실,13/1/6/3,운전자본의 변동,161/1/13/2,합 계,추가 수정 필요,FLOW_TOTAL,현금흐름 조정/운전자본/영업현금 세부내역의 동기간 합계. 표제·계층 또는 연속표를 읽지 못함.
P067,Humax,소실,13/1/6/5,운전자본의 변동,161/1/13/3,합 계,추가 수정 필요,FLOW_TOTAL,현금흐름 조정/운전자본/영업현금 세부내역의 동기간 합계. 표제·계층 또는 연속표를 읽지 못함.
P068,LGES,유지,6/1/17/5,7. 유형자산,35/1/2/2,기초,적절한 제외,CLOSING_OPENING,"전기말 본표와 당기초 주석은 서로 다른 기준일. 현재 동기간 연결 규칙에서 제외하며, 별도 이월검사로 자동 승계하지 않음. 원문이 틀렸다는 판정은 아님."
P069,LGES,유지,6/1/18/5,8. 무형자산,37/1/2/2,기초,적절한 제외,CLOSING_OPENING,"전기말 본표와 당기초 주석은 서로 다른 기준일. 현재 동기간 연결 규칙에서 제외하며, 별도 이월검사로 자동 승계하지 않음. 원문이 틀렸다는 판정은 아님."
P070,LGES,유지,6/1/31/3,1. 기타장기지급채무,23/1/23/4,기타장기지급채무,적절한 제외,CROSS_PERIOD,현재/이전 기간이 다름. 같은 금액이어도 동기간 자동연결 후보에서 제외.
P071,LGES,유지,6/1/31/3,1. 기타장기지급채무,28/2/5/2,기타장기지급채무,적절한 제외,CROSS_PERIOD,현재/이전 기간이 다름. 같은 금액이어도 동기간 자동연결 후보에서 제외.
P072,LGES,유지,6/1/31/3,1. 기타장기지급채무,28/2/5/4,기타장기지급채무,적절한 제외,CROSS_PERIOD,현재/이전 기간이 다름. 같은 금액이어도 동기간 자동연결 후보에서 제외.
P073,LGES,유지,6/1/31/5,1. 기타장기지급채무,23/1/23/2,기타장기지급채무,적절한 제외,CROSS_PERIOD,현재/이전 기간이 다름. 같은 금액이어도 동기간 자동연결 후보에서 제외.
P074,LGES,유지,6/1/31/5,1. 기타장기지급채무,27/2/5/2,기타장기지급채무,적절한 제외,CROSS_PERIOD,현재/이전 기간이 다름. 같은 금액이어도 동기간 자동연결 후보에서 제외.
P075,LGES,유지,6/1/31/5,1. 기타장기지급채무,27/2/5/4,기타장기지급채무,적절한 제외,CROSS_PERIOD,현재/이전 기간이 다름. 같은 금액이어도 동기간 자동연결 후보에서 제외.
P076,LGES,유지,6/1/33/3,3. 기타비유동금융부채,32/1/8/2,당기손익-공정가치 측정 금융부채,추가 수정 필요,RETAINED_COVERAGE,같은 항목/기간을 설명하는 원문 표제·열 또는 연속표가 존재함. 주석 후보 일부의 기간/잔액·거래액/합계 역할을 읽지 못함. 다른 후보가 남아 본표 연결수에는 변화 없음.
P077,LGES,소실,6/1/34/3,4. 비유동성충당부채,43/3/8/5,합 계,추가 수정 필요,ENDPOINT_TOTAL,기말 충당부채에서 유동항목 차감 후 합계가 비유동성 충당부채. 거래액 합계가 아니라 잔액 합계로 문맥을 읽어야 함.
P078,LGES,소실,6/1/34/5,4. 비유동성충당부채,43/4/8/5,합 계,추가 수정 필요,ENDPOINT_TOTAL,기말 충당부채에서 유동항목 차감 후 합계가 비유동성 충당부채. 거래액 합계가 아니라 잔액 합계로 문맥을 읽어야 함.
P079,LGES,소실,7/1/3/3,I. 매출,53/1/3/2,매출,추가 수정 필요,FLOW_TOTAL,매출·원가·판매관리비·금융/기타손익의 동기간 세부내역 또는 합계. 표제·행 계층으로 본표 항목과 대응하며 역할/라벨 해석 누락.
P080,LGES,소실,7/1/3/3,I. 매출,53/2/5/2,합 계,추가 수정 필요,FLOW_TOTAL,매출·원가·판매관리비·금융/기타손익의 동기간 세부내역 또는 합계. 표제·행 계층으로 본표 항목과 대응하며 역할/라벨 해석 누락.
P081,LGES,소실,7/1/3/4,I. 매출,53/1/3/3,매출,추가 수정 필요,FLOW_TOTAL,매출·원가·판매관리비·금융/기타손익의 동기간 세부내역 또는 합계. 표제·행 계층으로 본표 항목과 대응하며 역할/라벨 해석 누락.
P082,LGES,소실,7/1/3/4,I. 매출,53/2/5/3,합 계,추가 수정 필요,FLOW_TOTAL,매출·원가·판매관리비·금융/기타손익의 동기간 세부내역 또는 합계. 표제·행 계층으로 본표 항목과 대응하며 역할/라벨 해석 누락.
P083,LGES,소실,7/1/3/5,I. 매출,53/1/3/4,매출,추가 수정 필요,FLOW_TOTAL,매출·원가·판매관리비·금융/기타손익의 동기간 세부내역 또는 합계. 표제·행 계층으로 본표 항목과 대응하며 역할/라벨 해석 누락.
P084,LGES,소실,7/1/3/5,I. 매출,53/2/5/4,합 계,추가 수정 필요,FLOW_TOTAL,매출·원가·판매관리비·금융/기타손익의 동기간 세부내역 또는 합계. 표제·행 계층으로 본표 항목과 대응하며 역할/라벨 해석 누락.
P085,LGES,소실,7/1/3/6,I. 매출,53/1/3/5,매출,추가 수정 필요,FLOW_TOTAL,매출·원가·판매관리비·금융/기타손익의 동기간 세부내역 또는 합계. 표제·행 계층으로 본표 항목과 대응하며 역할/라벨 해석 누락.
P086,LGES,소실,7/1/3/6,I. 매출,53/2/5/5,합 계,추가 수정 필요,FLOW_TOTAL,매출·원가·판매관리비·금융/기타손익의 동기간 세부내역 또는 합계. 표제·행 계층으로 본표 항목과 대응하며 역할/라벨 해석 누락.
P087,LGES,소실,7/1/4/3,II. 매출원가,53/1/4/2,매출원가,추가 수정 필요,FLOW_TOTAL,매출·원가·판매관리비·금융/기타손익의 동기간 세부내역 또는 합계. 표제·행 계층으로 본표 항목과 대응하며 역할/라벨 해석 누락.
P088,LGES,소실,7/1/4/4,II. 매출원가,53/1/4/3,매출원가,추가 수정 필요,FLOW_TOTAL,매출·원가·판매관리비·금융/기타손익의 동기간 세부내역 또는 합계. 표제·행 계층으로 본표 항목과 대응하며 역할/라벨 해석 누락.
P089,LGES,소실,7/1/4/5,II. 매출원가,53/1/4/4,매출원가,추가 수정 필요,FLOW_TOTAL,매출·원가·판매관리비·금융/기타손익의 동기간 세부내역 또는 합계. 표제·행 계층으로 본표 항목과 대응하며 역할/라벨 해석 누락.
P090,LGES,소실,7/1/4/6,II. 매출원가,53/1/4/5,매출원가,추가 수정 필요,FLOW_TOTAL,매출·원가·판매관리비·금융/기타손익의 동기간 세부내역 또는 합계. 표제·행 계층으로 본표 항목과 대응하며 역할/라벨 해석 누락.
P091,LGES,소실,7/1/6/3,IV. 판매비와 관리비,53/1/6/2,판매비와 관리비,추가 수정 필요,FLOW_TOTAL,매출·원가·판매관리비·금융/기타손익의 동기간 세부내역 또는 합계. 표제·행 계층으로 본표 항목과 대응하며 역할/라벨 해석 누락.
P092,LGES,소실,7/1/6/4,IV. 판매비와 관리비,53/1/6/3,판매비와 관리비,추가 수정 필요,FLOW_TOTAL,매출·원가·판매관리비·금융/기타손익의 동기간 세부내역 또는 합계. 표제·행 계층으로 본표 항목과 대응하며 역할/라벨 해석 누락.
P093,LGES,소실,7/1/6/5,IV. 판매비와 관리비,53/1/6/4,판매비와 관리비,추가 수정 필요,FLOW_TOTAL,매출·원가·판매관리비·금융/기타손익의 동기간 세부내역 또는 합계. 표제·행 계층으로 본표 항목과 대응하며 역할/라벨 해석 누락.
P094,LGES,소실,7/1/6/6,IV. 판매비와 관리비,53/1/6/5,판매비와 관리비,추가 수정 필요,FLOW_TOTAL,매출·원가·판매관리비·금융/기타손익의 동기간 세부내역 또는 합계. 표제·행 계층으로 본표 항목과 대응하며 역할/라벨 해석 누락.
P095,LGES,소실,7/1/7/3,V. 영업손실,53/1/23/2,영업손실,추가 수정 필요,FLOW_TOTAL,매출·원가·판매관리비·금융/기타손익의 동기간 세부내역 또는 합계. 표제·행 계층으로 본표 항목과 대응하며 역할/라벨 해석 누락.
P096,LGES,소실,7/1/7/4,V. 영업손실,53/1/23/3,영업손실,추가 수정 필요,FLOW_TOTAL,매출·원가·판매관리비·금융/기타손익의 동기간 세부내역 또는 합계. 표제·행 계층으로 본표 항목과 대응하며 역할/라벨 해석 누락.
P097,LGES,소실,7/1/7/5,V. 영업손실,53/1/23/4,영업손실,추가 수정 필요,FLOW_TOTAL,매출·원가·판매관리비·금융/기타손익의 동기간 세부내역 또는 합계. 표제·행 계층으로 본표 항목과 대응하며 역할/라벨 해석 누락.
P098,LGES,소실,7/1/7/6,V. 영업손실,53/1/23/5,영업손실,추가 수정 필요,FLOW_TOTAL,매출·원가·판매관리비·금융/기타손익의 동기간 세부내역 또는 합계. 표제·행 계층으로 본표 항목과 대응하며 역할/라벨 해석 누락.
P099,LGES,소실,7/1/8/3,VI. 금융수익,55/1/8/2,합 계,추가 수정 필요,FLOW_TOTAL,매출·원가·판매관리비·금융/기타손익의 동기간 세부내역 또는 합계. 표제·행 계층으로 본표 항목과 대응하며 역할/라벨 해석 누락.
P100,LGES,소실,7/1/8/4,VI. 금융수익,55/1/8/3,합 계,추가 수정 필요,FLOW_TOTAL,매출·원가·판매관리비·금융/기타손익의 동기간 세부내역 또는 합계. 표제·행 계층으로 본표 항목과 대응하며 역할/라벨 해석 누락.
P101,LGES,소실,7/1/8/5,VI. 금융수익,55/1/8/4,합 계,추가 수정 필요,FLOW_TOTAL,매출·원가·판매관리비·금융/기타손익의 동기간 세부내역 또는 합계. 표제·행 계층으로 본표 항목과 대응하며 역할/라벨 해석 누락.
P102,LGES,소실,7/1/8/6,VI. 금융수익,55/1/8/5,합 계,추가 수정 필요,FLOW_TOTAL,매출·원가·판매관리비·금융/기타손익의 동기간 세부내역 또는 합계. 표제·행 계층으로 본표 항목과 대응하며 역할/라벨 해석 누락.
P103,LGES,소실,7/1/9/3,VII. 금융비용,55/1/13/2,합 계,추가 수정 필요,FLOW_TOTAL,매출·원가·판매관리비·금융/기타손익의 동기간 세부내역 또는 합계. 표제·행 계층으로 본표 항목과 대응하며 역할/라벨 해석 누락.
P104,LGES,소실,7/1/9/4,VII. 금융비용,55/1/13/3,합 계,추가 수정 필요,FLOW_TOTAL,매출·원가·판매관리비·금융/기타손익의 동기간 세부내역 또는 합계. 표제·행 계층으로 본표 항목과 대응하며 역할/라벨 해석 누락.
P105,LGES,소실,7/1/9/5,VII. 금융비용,55/1/13/4,합 계,추가 수정 필요,FLOW_TOTAL,매출·원가·판매관리비·금융/기타손익의 동기간 세부내역 또는 합계. 표제·행 계층으로 본표 항목과 대응하며 역할/라벨 해석 누락.
P106,LGES,소실,7/1/9/6,VII. 금융비용,55/1/13/5,합 계,추가 수정 필요,FLOW_TOTAL,매출·원가·판매관리비·금융/기타손익의 동기간 세부내역 또는 합계. 표제·행 계층으로 본표 항목과 대응하며 역할/라벨 해석 누락.
P107,LGES,소실,7/1/11/3,IX. 기타영업외비용,56/2/10/2,합 계,추가 수정 필요,FLOW_TOTAL,매출·원가·판매관리비·금융/기타손익의 동기간 세부내역 또는 합계. 표제·행 계층으로 본표 항목과 대응하며 역할/라벨 해석 누락.
P108,LGES,소실,7/1/11/4,IX. 기타영업외비용,56/2/10/3,합 계,추가 수정 필요,FLOW_TOTAL,매출·원가·판매관리비·금융/기타손익의 동기간 세부내역 또는 합계. 표제·행 계층으로 본표 항목과 대응하며 역할/라벨 해석 누락.
P109,LGES,소실,7/1/11/5,IX. 기타영업외비용,56/2/10/4,합 계,추가 수정 필요,FLOW_TOTAL,매출·원가·판매관리비·금융/기타손익의 동기간 세부내역 또는 합계. 표제·행 계층으로 본표 항목과 대응하며 역할/라벨 해석 누락.
P110,LGES,소실,7/1/11/6,IX. 기타영업외비용,56/2/10/5,합 계,추가 수정 필요,FLOW_TOTAL,매출·원가·판매관리비·금융/기타손익의 동기간 세부내역 또는 합계. 표제·행 계층으로 본표 항목과 대응하며 역할/라벨 해석 누락.
P111,LGES,소실,8/1/6/5,(1) 순확정급여부채의 재측정요소,46/1/6/2,- 사외적립자산의 수익(이자수익에 포함된 금,추가 수정 필요,OCI_PLAN_SUPPORTED,"p44 순확정급여채무−적립자산 구조, p45 당반기 채무 재측정4행 명시 -, p46 자산 재측정수익1,030, p8 세전OCI누적1,030으로 구성 연결 근거 확보. 이 기간 후보에 한정하며 기존 검토 상태 유지; 일반 자동연결 승인 아님."
P112,LGES,소실,8/1/7/3,(2) 기타포괄손익-공정가치 금융자산 손익,29/1/11/2,기타포괄손익-공정가치 측정 금융자산,근거 부족,OCI_FVOCI,"본표 재분류되지 않는 OCI와 주석 평가손익/처분손익의 해당 금융자산 행은 강한 후보이나, 전액이 같은 OCI 구성이라는 연결 근거가 없음. 당반기3개월/전반기3개월/전반기누적 세 기간 검토. 당반기누적 근거를 확장하지 않음."
P113,LGES,소실,8/1/7/5,(2) 기타포괄손익-공정가치 금융자산 손익,29/1/11/3,기타포괄손익-공정가치 측정 금융자산,추가 수정 필요,OCI_FVOCI_SUPPORTED,"p32 당반기 평가손익 −10,154를 법인세효과 차감전 기타포괄손익 항목이라고 명시하며 처분은 별도 표시. p8/p29 당반기누적 후보 연결 근거 확보. 기존 검토 상태 유지; 다른 기간으로 확장하지 않음."
P114,LGES,소실,8/1/7/7,(2) 기타포괄손익-공정가치 금융자산 손익,29/1/11/4,기타포괄손익-공정가치 측정 금융자산,근거 부족,OCI_FVOCI,"본표 재분류되지 않는 OCI와 주석 평가손익/처분손익의 해당 금융자산 행은 강한 후보이나, 전액이 같은 OCI 구성이라는 연결 근거가 없음. 당반기3개월/전반기3개월/전반기누적 세 기간 검토. 당반기누적 근거를 확장하지 않음."
P115,LGES,소실,8/1/7/9,(2) 기타포괄손익-공정가치 금융자산 손익,29/1/11/5,기타포괄손익-공정가치 측정 금융자산,근거 부족,OCI_FVOCI,"본표 재분류되지 않는 OCI와 주석 평가손익/처분손익의 해당 금융자산 행은 강한 후보이나, 전액이 같은 OCI 구성이라는 연결 근거가 없음. 당반기3개월/전반기3개월/전반기누적 세 기간 검토. 당반기누적 근거를 확장하지 않음."
P116,LGES,소실,10/1/3/3,1. 영업으로부터 창출된 현금흐름,65/1/27/2,영업으로부터 창출된 현금,추가 수정 필요,FLOW_TOTAL,현금흐름 조정/운전자본/영업현금 세부내역의 동기간 합계. 표제·계층 또는 연속표를 읽지 못함.
P117,LGES,소실,10/1/3/5,1. 영업으로부터 창출된 현금흐름,65/1/27/3,영업으로부터 창출된 현금,추가 수정 필요,FLOW_TOTAL,현금흐름 조정/운전자본/영업현금 세부내역의 동기간 합계. 표제·계층 또는 연속표를 읽지 못함.
P118,LGES,소실,10/1/27/5,(1) 차입금의 증가,66/2/5/3,사채,추가 수정 필요,FINANCING_FLOW_COLUMN,전반기 재무현금흐름 열의 사채 증가/단기차입금 상환. 기간·열 역할을 읽지 못해 정상 후보 누락.
P119,LGES,소실,10/1/29/5,(1) 차입금의 상환,66/2/3/3,단기차입금,추가 수정 필요,FINANCING_FLOW_COLUMN,전반기 재무현금흐름 열의 사채 증가/단기차입금 상환. 기간·열 역할을 읽지 못해 정상 후보 누락.
P120,Chosun,유지,8/1/4/3,현금및현금성자산,35/1/3/2,현금및현금성자산,추가 수정 필요,RETAINED_COVERAGE,같은 항목/기간을 설명하는 원문 표제·열 또는 연속표가 존재함. 주석 후보 일부의 기간/잔액·거래액/합계 역할을 읽지 못함. 다른 후보가 남아 본표 연결수에는 변화 없음.
P121,Chosun,유지,8/1/4/4,현금및현금성자산,35/1/3/4,현금및현금성자산,추가 수정 필요,RETAINED_COVERAGE,같은 항목/기간을 설명하는 원문 표제·열 또는 연속표가 존재함. 주석 후보 일부의 기간/잔액·거래액/합계 역할을 읽지 못함. 다른 후보가 남아 본표 연결수에는 변화 없음.
P122,Chosun,유지,8/1/5/3,매출채권 및 기타유동채권,35/1/4/2,매출채권및기타채권,추가 수정 필요,RETAINED_COVERAGE,같은 항목/기간을 설명하는 원문 표제·열 또는 연속표가 존재함. 주석 후보 일부의 기간/잔액·거래액/합계 역할을 읽지 못함. 다른 후보가 남아 본표 연결수에는 변화 없음.
P123,Chosun,유지,8/1/5/4,매출채권 및 기타유동채권,35/1/4/4,매출채권및기타채권,추가 수정 필요,RETAINED_COVERAGE,같은 항목/기간을 설명하는 원문 표제·열 또는 연속표가 존재함. 주석 후보 일부의 기간/잔액·거래액/합계 역할을 읽지 못함. 다른 후보가 남아 본표 연결수에는 변화 없음.
P124,Chosun,유지,8/1/7/3,유동 당기손익-공정가치 측정 금융자산,35/1/5/2,유동 당기손익-공정가치 측정 금융자산,추가 수정 필요,RETAINED_COVERAGE,같은 항목/기간을 설명하는 원문 표제·열 또는 연속표가 존재함. 주석 후보 일부의 기간/잔액·거래액/합계 역할을 읽지 못함. 다른 후보가 남아 본표 연결수에는 변화 없음.
P125,Chosun,유지,8/1/7/3,유동 당기손익-공정가치 측정 금융자산,35/1/5/3,유동 당기손익-공정가치 측정 금융자산,추가 수정 필요,RETAINED_COVERAGE,같은 항목/기간을 설명하는 원문 표제·열 또는 연속표가 존재함. 주석 후보 일부의 기간/잔액·거래액/합계 역할을 읽지 못함. 다른 후보가 남아 본표 연결수에는 변화 없음.
P126,Chosun,유지,8/1/7/3,유동 당기손익-공정가치 측정 금융자산,36/2/4/2,수익증권,추가 수정 필요,RETAINED_COVERAGE,같은 항목/기간을 설명하는 원문 표제·열 또는 연속표가 존재함. 주석 후보 일부의 기간/잔액·거래액/합계 역할을 읽지 못함. 다른 후보가 남아 본표 연결수에는 변화 없음.
P127,Chosun,유지,8/1/7/3,유동 당기손익-공정가치 측정 금융자산,37/3/3/2,수익증권,추가 수정 필요,RETAINED_COVERAGE,같은 항목/기간을 설명하는 원문 표제·열 또는 연속표가 존재함. 주석 후보 일부의 기간/잔액·거래액/합계 역할을 읽지 못함. 다른 후보가 남아 본표 연결수에는 변화 없음.
P128,Chosun,유지,8/1/9/3,기타유동금융자산,35/1/6/2,기타유동금융자산,추가 수정 필요,RETAINED_COVERAGE,같은 항목/기간을 설명하는 원문 표제·열 또는 연속표가 존재함. 주석 후보 일부의 기간/잔액·거래액/합계 역할을 읽지 못함. 다른 후보가 남아 본표 연결수에는 변화 없음.
P129,Chosun,유지,8/1/9/4,기타유동금융자산,35/1/6/4,기타유동금융자산,추가 수정 필요,RETAINED_COVERAGE,같은 항목/기간을 설명하는 원문 표제·열 또는 연속표가 존재함. 주석 후보 일부의 기간/잔액·거래액/합계 역할을 읽지 못함. 다른 후보가 남아 본표 연결수에는 변화 없음.
P130,Chosun,소실,8/1/13/3,무형자산,41/1/4/6,기말,추가 수정 필요,CONTINUATION,"p40 당기 무형자산 시작표와 p41 이어지는 기말12,271,790. 원문 연속표 근거가 있으나 기간을 복원하지 못함."
P131,Chosun,유지,8/1/15/3,공동기업투자주식,44/3/6/5,공동기업,추가 수정 필요,RETAINED_COVERAGE,같은 항목/기간을 설명하는 원문 표제·열 또는 연속표가 존재함. 주석 후보 일부의 기간/잔액·거래액/합계 역할을 읽지 못함. 다른 후보가 남아 본표 연결수에는 변화 없음.
P132,Chosun,유지,8/1/15/3,공동기업투자주식,44/3/6/8,공동기업,추가 수정 필요,RETAINED_COVERAGE,같은 항목/기간을 설명하는 원문 표제·열 또는 연속표가 존재함. 주석 후보 일부의 기간/잔액·거래액/합계 역할을 읽지 못함. 다른 후보가 남아 본표 연결수에는 변화 없음.
P133,Chosun,유지,8/1/15/4,공동기업투자주식,43/1/8/3,공동기업,적절한 제외,CLOSING_OPENING,"전기말 본표와 당기초 주석은 서로 다른 기준일. 현재 동기간 연결 규칙에서 제외하며, 별도 이월검사로 자동 승계하지 않음. 원문이 틀렸다는 판정은 아님."
P134,Chosun,유지,8/1/16/3,비유동 당기손익-공정가치 측정 금융자산,35/1/7/2,비유동 당기손익-공정가치 측정 금융자산,추가 수정 필요,RETAINED_COVERAGE,같은 항목/기간을 설명하는 원문 표제·열 또는 연속표가 존재함. 주석 후보 일부의 기간/잔액·거래액/합계 역할을 읽지 못함. 다른 후보가 남아 본표 연결수에는 변화 없음.
P135,Chosun,유지,8/1/16/3,비유동 당기손익-공정가치 측정 금융자산,35/1/7/3,비유동 당기손익-공정가치 측정 금융자산,추가 수정 필요,RETAINED_COVERAGE,같은 항목/기간을 설명하는 원문 표제·열 또는 연속표가 존재함. 주석 후보 일부의 기간/잔액·거래액/합계 역할을 읽지 못함. 다른 후보가 남아 본표 연결수에는 변화 없음.
P136,Chosun,유지,8/1/16/4,비유동 당기손익-공정가치 측정 금융자산,35/1/7/4,비유동 당기손익-공정가치 측정 금융자산,추가 수정 필요,RETAINED_COVERAGE,같은 항목/기간을 설명하는 원문 표제·열 또는 연속표가 존재함. 주석 후보 일부의 기간/잔액·거래액/합계 역할을 읽지 못함. 다른 후보가 남아 본표 연결수에는 변화 없음.
P137,Chosun,유지,8/1/16/4,비유동 당기손익-공정가치 측정 금융자산,35/1/7/5,비유동 당기손익-공정가치 측정 금융자산,추가 수정 필요,RETAINED_COVERAGE,같은 항목/기간을 설명하는 원문 표제·열 또는 연속표가 존재함. 주석 후보 일부의 기간/잔액·거래액/합계 역할을 읽지 못함. 다른 후보가 남아 본표 연결수에는 변화 없음.
P138,Chosun,유지,8/1/16/4,비유동 당기손익-공정가치 측정 금융자산,36/1/3/3,기초,적절한 제외,CLOSING_OPENING,"전기말 본표와 당기초 주석은 서로 다른 기준일. 현재 동기간 연결 규칙에서 제외하며, 별도 이월검사로 자동 승계하지 않음. 원문이 틀렸다는 판정은 아님."
P139,Chosun,유지,8/1/16/4,비유동 당기손익-공정가치 측정 금융자산,36/1/7/5,기말,추가 수정 필요,RETAINED_COVERAGE,같은 항목/기간을 설명하는 원문 표제·열 또는 연속표가 존재함. 주석 후보 일부의 기간/잔액·거래액/합계 역할을 읽지 못함. 다른 후보가 남아 본표 연결수에는 변화 없음.
P140,Chosun,유지,8/1/17/3,비유동 기타포괄손익-공정가치 측정 금융자산,35/1/8/2,비유동 기타포괄손익-공정가치 측정 금융자산,추가 수정 필요,RETAINED_COVERAGE,같은 항목/기간을 설명하는 원문 표제·열 또는 연속표가 존재함. 주석 후보 일부의 기간/잔액·거래액/합계 역할을 읽지 못함. 다른 후보가 남아 본표 연결수에는 변화 없음.
P141,Chosun,유지,8/1/17/3,비유동 기타포괄손익-공정가치 측정 금융자산,35/1/8/3,비유동 기타포괄손익-공정가치 측정 금융자산,추가 수정 필요,RETAINED_COVERAGE,같은 항목/기간을 설명하는 원문 표제·열 또는 연속표가 존재함. 주석 후보 일부의 기간/잔액·거래액/합계 역할을 읽지 못함. 다른 후보가 남아 본표 연결수에는 변화 없음.
P142,Chosun,유지,8/1/17/4,비유동 기타포괄손익-공정가치 측정 금융자산,35/1/8/4,비유동 기타포괄손익-공정가치 측정 금융자산,추가 수정 필요,RETAINED_COVERAGE,같은 항목/기간을 설명하는 원문 표제·열 또는 연속표가 존재함. 주석 후보 일부의 기간/잔액·거래액/합계 역할을 읽지 못함. 다른 후보가 남아 본표 연결수에는 변화 없음.
P143,Chosun,유지,8/1/17/4,비유동 기타포괄손익-공정가치 측정 금융자산,35/1/8/5,비유동 기타포괄손익-공정가치 측정 금융자산,추가 수정 필요,RETAINED_COVERAGE,같은 항목/기간을 설명하는 원문 표제·열 또는 연속표가 존재함. 주석 후보 일부의 기간/잔액·거래액/합계 역할을 읽지 못함. 다른 후보가 남아 본표 연결수에는 변화 없음.
P144,Chosun,유지,8/1/18/3,기타비유동금융자산,35/1/9/2,기타비유동금융자산,추가 수정 필요,RETAINED_COVERAGE,같은 항목/기간을 설명하는 원문 표제·열 또는 연속표가 존재함. 주석 후보 일부의 기간/잔액·거래액/합계 역할을 읽지 못함. 다른 후보가 남아 본표 연결수에는 변화 없음.
P145,Chosun,유지,8/1/18/4,기타비유동금융자산,35/1/9/4,기타비유동금융자산,추가 수정 필요,RETAINED_COVERAGE,같은 항목/기간을 설명하는 원문 표제·열 또는 연속표가 존재함. 주석 후보 일부의 기간/잔액·거래액/합계 역할을 읽지 못함. 다른 후보가 남아 본표 연결수에는 변화 없음.
P146,Chosun,유지,8/1/25/3,매입채무 및 기타유동채무,35/1/11/2,매입채무및기타채무,추가 수정 필요,RETAINED_COVERAGE,같은 항목/기간을 설명하는 원문 표제·열 또는 연속표가 존재함. 주석 후보 일부의 기간/잔액·거래액/합계 역할을 읽지 못함. 다른 후보가 남아 본표 연결수에는 변화 없음.
P147,Chosun,유지,8/1/25/4,매입채무 및 기타유동채무,35/1/11/4,매입채무및기타채무,추가 수정 필요,RETAINED_COVERAGE,같은 항목/기간을 설명하는 원문 표제·열 또는 연속표가 존재함. 주석 후보 일부의 기간/잔액·거래액/합계 역할을 읽지 못함. 다른 후보가 남아 본표 연결수에는 변화 없음.
P148,Chosun,유지,8/1/26/3,단기차입금,35/1/12/2,단기차입금,추가 수정 필요,RETAINED_COVERAGE,같은 항목/기간을 설명하는 원문 표제·열 또는 연속표가 존재함. 주석 후보 일부의 기간/잔액·거래액/합계 역할을 읽지 못함. 다른 후보가 남아 본표 연결수에는 변화 없음.
P149,Chosun,유지,8/1/26/4,단기차입금,35/1/12/4,단기차입금,추가 수정 필요,RETAINED_COVERAGE,같은 항목/기간을 설명하는 원문 표제·열 또는 연속표가 존재함. 주석 후보 일부의 기간/잔액·거래액/합계 역할을 읽지 못함. 다른 후보가 남아 본표 연결수에는 변화 없음.
P150,Chosun,소실,10/1/5/3,판매비와관리비,56/2/16/2,합계,추가 수정 필요,FLOW_TOTAL,매출·원가·판매관리비·금융/기타손익의 동기간 세부내역 또는 합계. 표제·행 계층으로 본표 항목과 대응하며 역할/라벨 해석 누락.
P151,Chosun,소실,10/1/9/3,금융수익,57/2/9/2,합계,추가 수정 필요,FLOW_TOTAL,매출·원가·판매관리비·금융/기타손익의 동기간 세부내역 또는 합계. 표제·행 계층으로 본표 항목과 대응하며 역할/라벨 해석 누락.
P152,Chosun,소실,10/1/9/4,금융수익,57/2/9/3,합계,추가 수정 필요,FLOW_TOTAL,매출·원가·판매관리비·금융/기타손익의 동기간 세부내역 또는 합계. 표제·행 계층으로 본표 항목과 대응하며 역할/라벨 해석 누락.
P153,Chosun,소실,10/1/10/3,금융원가,57/2/16/2,합계,추가 수정 필요,FLOW_TOTAL,매출·원가·판매관리비·금융/기타손익의 동기간 세부내역 또는 합계. 표제·행 계층으로 본표 항목과 대응하며 역할/라벨 해석 누락.
P154,Chosun,소실,10/1/10/4,금융원가,57/2/16/3,합계,추가 수정 필요,FLOW_TOTAL,매출·원가·판매관리비·금융/기타손익의 동기간 세부내역 또는 합계. 표제·행 계층으로 본표 항목과 대응하며 역할/라벨 해석 누락.
P155,Chosun,소실,10/1/12/3,지분법손익,43/1/9/6,합 계,추가 수정 필요,FLOW_TOTAL,매출·원가·판매관리비·금융/기타손익의 동기간 세부내역 또는 합계. 표제·행 계층으로 본표 항목과 대응하며 역할/라벨 해석 누락.
P156,Chosun,소실,10/1/12/4,지분법손익,43/2/9/6,합 계,추가 수정 필요,FLOW_TOTAL,매출·원가·판매관리비·금융/기타손익의 동기간 세부내역 또는 합계. 표제·행 계층으로 본표 항목과 대응하며 역할/라벨 해석 누락.
P157,Chosun,소실,13/1/5/3,조정,62/1/8/2,합계,추가 수정 필요,FLOW_TOTAL,현금흐름 조정/운전자본/영업현금 세부내역의 동기간 합계. 표제·계층 또는 연속표를 읽지 못함.
P158,Chosun,소실,13/1/5/4,조정,62/1/8/3,합계,추가 수정 필요,FLOW_TOTAL,현금흐름 조정/운전자본/영업현금 세부내역의 동기간 합계. 표제·계층 또는 연속표를 읽지 못함.
P159,Chosun,소실,13/1/6/3,순운전자본의 변동,62/2/12/2,합계,추가 수정 필요,FLOW_TOTAL,현금흐름 조정/운전자본/영업현금 세부내역의 동기간 합계. 표제·계층 또는 연속표를 읽지 못함.
P160,Chosun,소실,13/1/6/4,순운전자본의 변동,62/2/12/3,합계,추가 수정 필요,FLOW_TOTAL,현금흐름 조정/운전자본/영업현금 세부내역의 동기간 합계. 표제·계층 또는 연속표를 읽지 못함.
